tiempo,censura
7,Derecha
4.576586477,No
0.006438189,No
1.677932195,No
7,Derecha
7,Derecha
5.452736197,No
6.579606603,No
6.182442996,No
1.516123288,No
1.412608627,No
0.896955135,No
2.663306668,No
4.446244754,No
0.067525636,No
1.96344686,No
0.440818324,No
1.858099971,No
2.926294669,No
7,Derecha
4.870956829,No
5.694621582,No
1.14681652,No
7,Derecha
4.891567798,No
7,Derecha
0.8147667,No
0.068093676,No
7,Derecha
7,Derecha
7,Derecha
2.131393098,No
0.356722185,No
2.268580494,No
1.649602139,No
2.210343834,No
7,Derecha
7,Derecha
7,Derecha
5.994641804,No
7,Derecha
7,Derecha
2.321385443,No
1.099705903,No
0.47792254,No
7,Derecha
7,Derecha
3.518607118,No
7,Derecha
2.006846408,No
2.230528691,No
7,Derecha
7,Derecha
1.161649628,No
3.200570759,No
1.421349023,No
5.726331678,No
2.559409216,No
6.276408792,No
4.498121172,No
0.831601161,No
5.804112335,No
2.669942589,No
7,Derecha
7,Derecha
4.035224598,No
0.137249668,No
0.51690785,No
7,Derecha
1.388038623,No
2.27744861,No
7,Derecha
1.316508458,No
0.415190633,No
0.096067565,No
0.420812516,No
7,Derecha
5.063130613,No
3.935129959,No
4.554982979,No
5.815039989,No
1.619987902,No
3.712743446,No
7,Derecha
1.037818827,No
2.786070551,No
0.796674653,No
7,Derecha
7,Derecha
1.617012334,No
6.689392733,No
3.170732849,No
3.112867004,No
0.899845841,No
2.651530093,No
5.195746687,No
3.060353287,No
1.411914602,No
4.565670352,No
1.709890524,No
0.005546535,No
7,Derecha
1.456290006,No
0.741179644,No
5.235631958,No
3.730231328,No
3.554270733,No
1.168678277,No
5.240552602,No
3.170205185,No
2.6911715,No
3.756047054,No
3.015801697,No
0.717146405,No
3.098840101,No
1.006321016,No
2.821374664,No
4.406109107,No
2.622029358,No
2.052342137,No
4.085223609,No
4.761653621,No
2.153902267,No
7,Derecha
4.252481357,No
0.146316714,No
2.641216258,No
0.390199721,No
0.250711258,No
7,Derecha
0.484498146,No
1.084721605,No
1.404889254,No
3.130072071,No
0.459485196,No
2.98635585,No
7,Derecha
7,Derecha
4.902498852,No
0.424389977,No
5.803622389,No
3.800352602,No
2.659169298,No
0.92939076,No
5.321882693,No
1.590267829,No
0.619360277,No
0.042780321,No
4.246171693,No
2.891756294,No
0.497833383,No
0.775818541,No
1.042533296,No
0.892592794,No
2.586657444,No
3.845929638,No
2.121707108,No
5.169934886,No
1.833789204,No
7,Derecha
3.082285863,No
3.641060002,No
1.393117954,No
6.012506842,No
1.10487096,No
0.206093017,No
7,Derecha
7,Derecha
0.374585004,No
5.441786493,No
2.692765096,No
1.83491205,No
2.901584962,No
5.321024153,No
5.041568167,No
2.617619359,No
1.588098349,No
0.196064603,No
2.023038054,No
3.177964345,No
1.233608453,No
2.908474461,No
5.240402077,No
3.285616029,No
1.315286502,No
0.277216976,No
5.397190107,No
0.07494729,No
1.581815709,No
6.082258336,No
4.339848147,No
4.079174618,No
1.768767744,No
3.487313127,No
7,Derecha
7,Derecha
5.139496284,No
4.276250919,No
7,Derecha
7,Derecha
