"unidad","tiempo","censura"
1,3.94904895901716,"No"
2,6.42243896222951,"No"
3,11.1235851549584,"No"
4,5.42059227122582,"No"
5,6.88341985001311,"No"
6,8.51246515057506,"No"
7,9.68049897660791,"No"
8,12.5092838391692,"No"
9,5.62582906969247,"No"
10,18,"Derecha"
11,9.42318161419827,"No"
12,9.20703464717251,"No"
13,18,"Derecha"
14,8.58142029374712,"No"
15,5.02261461180746,"No"
16,10.6241233453282,"No"
17,17.8422845496657,"No"
18,18,"Derecha"
19,9.77543318874995,"No"
20,18,"Derecha"
21,7.2914115502145,"No"
22,18,"Derecha"
23,18,"Derecha"
24,4.73616307225381,"No"
25,6.8427316947544,"No"
26,8.94159433615378,"No"
27,9.4309661916319,"No"
28,15.7349985766871,"No"
29,4.55130057440564,"No"
30,13.5540868600802,"No"
31,14.4259898606428,"No"
32,8.75486968050401,"No"
33,9.48220800808254,"No"
34,10.847703988937,"No"
35,9.9251583085332,"No"
36,11.9471558589832,"No"
37,10.6090734971271,"No"
38,13.9163151064319,"No"
39,4.44617268315337,"No"
40,16.2535054687011,"No"
41,7.16250971719333,"No"
42,13.9025075388801,"No"
43,16.6066782932397,"No"
44,12.1852394338385,"No"
45,18,"Derecha"
46,1.65337642398942,"No"
47,18,"Derecha"
48,9.23525820632447,"No"
49,16.9317392899166,"No"
50,8.28063893732502,"No"
51,18,"Derecha"
52,5.7257746372614,"No"
53,4.99982924249152,"No"
54,9.78030444831284,"No"
55,10.6960621811524,"No"
56,18,"Derecha"
57,13.1127001691967,"No"
58,11.6953172028564,"No"
59,16.0778019899464,"No"
60,15.8612532993246,"No"
61,11.8583194588318,"No"
62,5.22857487543564,"No"
63,9.7260907022449,"No"
64,12.8558027767628,"No"
65,3.25986101887632,"No"
66,16.333322320642,"No"
67,18,"Derecha"
68,15.232107427335,"No"
69,10.7383395320469,"No"
70,15.2747917540082,"No"
71,18,"Derecha"
72,11.2718446611085,"No"
73,11.5724670562549,"No"
74,18,"Derecha"
75,6.07572435199481,"No"
76,12.7920010830977,"No"
77,9.98418468498267,"No"
78,18,"Derecha"
79,10.3563226711643,"No"
80,7.44183474439345,"No"
81,18,"Derecha"
82,12.7070406013878,"No"
83,4.49445930859085,"No"
84,11.355037142071,"No"
85,5.32772978624929,"No"
86,18,"Derecha"
87,18,"Derecha"
88,15.3634335002173,"No"
89,18,"Derecha"
90,7.17609374417898,"No"
91,8.23436415447876,"No"
92,18,"Derecha"
93,10.4436493681429,"No"
94,18,"Derecha"
95,7.88303322964254,"No"
96,6.66682711264577,"No"
97,12.8466039195365,"No"
98,18,"Derecha"
99,8.23149955748204,"No"
100,11.6886236524245,"No"
101,15.5785524067001,"No"
102,11.7827473998157,"No"
103,17.5826549577896,"No"
104,10.0604575455794,"No"
105,18,"Derecha"
106,5.28074947810221,"No"
107,11.5523551036281,"No"
108,16.8480190562315,"No"
109,8.12963652763296,"No"
110,6.4331398690745,"No"
111,10.4040441166014,"No"
112,18,"Derecha"
113,3.86689866009698,"No"
114,13.9968793857349,"No"
115,18,"Derecha"
116,13.1230539532333,"No"
117,15.8647217159186,"No"
118,18,"Derecha"
119,12.6689861953016,"No"
120,7.68710914357574,"No"
121,7.26269487862734,"No"
122,8.69621311968065,"No"
123,5.76483740314902,"No"
124,18,"Derecha"
125,10.9239240045047,"No"
126,10.3469519245043,"No"
127,4.73067609588116,"No"
128,10.2824755825747,"No"
129,5.7520964533632,"No"
130,14.9578953193803,"No"
131,16.1048086971694,"No"
132,10.1041319725833,"No"
133,17.9761641043939,"No"
134,18,"Derecha"
135,11.6176465334407,"No"
136,13.2662198418005,"No"
137,4.70687129677895,"No"
138,13.7657817148036,"No"
139,12.5678329610045,"No"
140,10.9492362496756,"No"
141,5.47028168480902,"No"
142,18,"Derecha"
143,3.76200245129943,"No"
144,9.98357366977668,"No"
145,9.88179136234607,"No"
146,17.0614509174217,"No"
147,9.50865726809182,"No"
148,8.71105608111018,"No"
149,18,"Derecha"
150,9.99233988202647,"No"
151,9.10899502153217,"No"
152,7.29386752360692,"No"
153,11.6101074120785,"No"
154,13.4041742535646,"No"
155,12.8833035363608,"No"
156,2.71872711000807,"No"
157,13.4531877656509,"No"
158,8.21419634965277,"No"
159,17.2014042097573,"No"
160,13.6969338513965,"No"
161,5.548883312203,"No"
162,12.6040383517697,"No"
163,8.14946280723551,"No"
164,5.46475563940559,"No"
165,10.2227842570487,"No"
166,12.4280929791446,"No"
167,18,"Derecha"
168,11.0986117162407,"No"
169,3.14473206572428,"No"
170,10.9821757096439,"No"
171,10.5158163496449,"No"
172,15.3287172499036,"No"
173,18,"Derecha"
174,8.72496077356319,"No"
175,18,"Derecha"
176,14.5754715799879,"No"
177,7.32088289163336,"No"
178,18,"Derecha"
179,18,"Derecha"
180,6.48941484644831,"No"
181,10.6155973577718,"No"
182,13.0624724618717,"No"
183,18,"Derecha"
184,9.24611504768693,"No"
185,10.5381838227782,"No"
186,14.659224329975,"No"
187,17.5545110696119,"No"
188,6.07451912636145,"No"
189,12.1658417687559,"No"
190,18,"Derecha"
191,9.87862392058717,"No"
192,10.2723107043939,"No"
193,11.7487935302898,"No"
194,8.07888645177087,"No"
195,10.630836359964,"No"
196,18,"Derecha"
197,10.2347912593003,"No"
198,11.7914795199851,"No"
199,12.380790675604,"No"
200,9.64114585755293,"No"
