Unidad,tiempo
1,1.626579806
2,0.540445486
3,6.975831747
4,5.523580417
5,12.44203473
6,7.172518565
7,1.107330804
8,10.52302823
9,9.387885721
10,4.77878528
11,8.335353943
12,7.903763788
13,13.62624956
14,11.09041394
15,0.559043163
16,2.662862665
17,8.102407351
18,1.218782978
19,0.927905048
20,11.4576659
21,12.82542904
22,0.928826032
23,8.23555669
24,7.13205398
25,0.00683952
26,1.139393731
27,4.363369687
28,8.083408506
29,10.0047433
30,1.695536498
31,0.631359486
32,9.326840399
33,6.621106407
34,7.242344082
35,0.787994713
36,3.173248773
37,0.404340849
38,10.27525885
39,3.095623345
40,17.2931891
41,6.980878692
42,7.819206175
43,4.948909957
44,3.277703253
45,0.584460426
46,8.294702995
47,0.584712756
48,0.867427043
49,0.917765713
50,4.558130115
51,0.215196194
52,7.785265596
53,5.632483311
54,9.128339887
55,6.651880472
56,7.491994007
57,8.050130211
58,4.899855281
59,1.529990917
60,1.021407157
61,10.16222423
62,5.913889947
63,4.671485038
64,4.719943933
65,4.270321041
66,6.238558725
67,12.27115022
68,0.36258604
69,14.8207872
70,1.465402646
71,7.060462249
72,1.738688631
73,7.719581191
74,2.200939879
75,1.68742989
76,1.917880399
77,4.110456031
78,11.63429549
79,9.310170482
80,0.62097681
81,9.868454608
82,8.788805702
83,8.693598379
84,8.922932027
85,9.139191463
86,6.172111293
87,0.382039639
88,3.95755069
89,11.38767993
90,6.622267736
91,5.157557552
92,7.418068677
93,8.180978097
94,0.241611556
95,0.143150348
96,0.917748348
97,13.7207189
98,2.915724515
99,11.14297211
100,8.306302406
101,2.495452315
102,7.966759102
103,0.639887538
104,11.30706145
105,1.23840565
106,6.196994393
107,11.36251205
108,11.06322678
109,3.070362011
110,4.173976285
111,2.868348609
112,0.476113128
113,7.348282219
114,1.931704778
115,4.372175456
116,4.15430954
117,5.667485123
118,8.483749607
119,8.413865727
120,0.230274044
121,5.856547244
122,0.694582891
123,11.4578487
124,5.811078341
125,1.352902826
126,15.7685142
127,4.420619711
128,9.798788006
129,2.238572518
130,1.743276069
131,8.322642495
132,8.497173684
133,1.134131739
134,6.398737829
135,2.935177699
136,1.156451271
137,7.182412902
138,6.192244953
139,1.593197611
140,8.783147322
141,7.879547265
142,0.241713544
143,1.191806073
144,4.910958568
145,15.01750258
146,6.958927992
147,13.43245835
148,11.85240191
149,6.613682668
150,0.117660546
151,11.99826862
152,10.55311045
153,8.133855523
154,5.412837119
155,3.925873587
156,8.642419603
157,5.797323872
158,10.77547057
159,6.952326882
160,6.064833711
161,0.414493921
162,4.048355825
163,0.573259912
164,1.244477633
165,11.64652137
166,6.086151083
167,4.930560328
168,9.710089714
169,7.402462014
170,6.412071576
171,14.38942434
172,7.671176789
173,2.389465965
174,0.867646712
175,2.535346175
176,0.770012412
177,11.94073324
178,5.078316228
179,18.80988784
180,3.028656098
181,8.809928306
182,5.900230605
183,2.280352719
184,1.737216357
185,9.704701713
186,8.939881534
187,1.113262685
188,6.966648224
189,3.503910242
190,4.713272434
191,2.814038405
192,1.362165577
193,0.052047068
194,4.109908439
195,5.1730443
196,10.38501584
197,2.617414352
198,2.22489273
199,4.114023484
200,0.474301975
